mean_fit_time	std_fit_time	mean_score_time	std_score_time	param_optimizer	param_module__num_filters2	param_module__num_filters1	param_module__kernel_size2	param_module__kernel_size1	param_module__fc_node_num2	param_module__fc_node_num1	param_module__dropout2	param_module__dropout1	param_module__conv_pool_size1	param_lr	params	split0_test_score	split1_test_score	split2_test_score	mean_test_score	std_test_score	rank_test_score	opt_name
71.96705667177837	12.216082512330251	0.021500349044799805	0.0011645374994860517	<class 'torch.optim.rmsprop.RMSprop'>	128	64	16	4	10	500	0.4	0.4	16	0.01	{'optimizer': <class 'torch.optim.rmsprop.RMSprop'>, 'module__num_filters2': 128, 'module__num_filters1': 64, 'module__kernel_size2': 16, 'module__kernel_size1': 4, 'module__fc_node_num2': 10, 'module__fc_node_num1': 500, 'module__dropout2': 0.4, 'module__dropout1': 0.4, 'module__conv_pool_size1': 16, 'lr': 0.01}	-0.00029627213370986283	-0.0003105189243797213	-0.00034587940899655223	-0.00031755682236204547	2.0854566987425852e-05	72	RMSprop
163.49371353785196	9.668031676208315	0.018877108891805012	0.001165708778402867	<class 'torch.optim.sgd.SGD'>	32	16	32	4	50	100	0.0	0.2	2	0.0001	{'optimizer': <class 'torch.optim.sgd.SGD'>, 'module__num_filters2': 32, 'module__num_filters1': 16, 'module__kernel_size2': 32, 'module__kernel_size1': 4, 'module__fc_node_num2': 50, 'module__fc_node_num1': 100, 'module__dropout2': 0.0, 'module__dropout1': 0.2, 'module__conv_pool_size1': 2, 'lr': 0.0001}	-0.006479357834905386	-0.007145249284803867	-0.006744573824107647	-0.0067897269812723	0.0002737175691151098	92	SGD
41.80367581049601	1.8127027764040498	0.0218966007232666	0.00264947222783479	<class 'torch.optim.adam.Adam'>	64	32	4	16	10	10	0.4	0.4	16	0.01	{'optimizer': <class 'torch.optim.adam.Adam'>, 'module__num_filters2': 64, 'module__num_filters1': 32, 'module__kernel_size2': 4, 'module__kernel_size1': 16, 'module__fc_node_num2': 10, 'module__fc_node_num1': 10, 'module__dropout2': 0.4, 'module__dropout1': 0.4, 'module__conv_pool_size1': 16, 'lr': 0.01}	-0.00023713392147328705	-0.0002531228819862008	-0.00028900831239297986	-0.0002597550386174892	2.1690662115431676e-05	16	Adam
0.007967154184977213	0.0002050254074853597	0.0	0.0	<class 'torch.optim.adamw.AdamW'>	32	128	32	8	100	100	0.4	0.2	16	0.01	{'optimizer': <class 'torch.optim.adamw.AdamW'>, 'module__num_filters2': 32, 'module__num_filters1': 128, 'module__kernel_size2': 32, 'module__kernel_size1': 8, 'module__fc_node_num2': 100, 'module__fc_node_num1': 100, 'module__dropout2': 0.4, 'module__dropout1': 0.2, 'module__conv_pool_size1': 16, 'lr': 0.01}						100	AdamW
67.52000896135966	29.80787962333048	0.017562071482340496	0.0006240152972354645	<class 'torch.optim.rmsprop.RMSprop'>	16	32	32	4	10	50	0.0	0.4	4	0.001	{'optimizer': <class 'torch.optim.rmsprop.RMSprop'>, 'module__num_filters2': 16, 'module__num_filters1': 32, 'module__kernel_size2': 32, 'module__kernel_size1': 4, 'module__fc_node_num2': 10, 'module__fc_node_num1': 50, 'module__dropout2': 0.0, 'module__dropout1': 0.4, 'module__conv_pool_size1': 4, 'lr': 0.001}	-0.00023944774875417352	-0.0002546006871853024	-0.00029116353834979236	-0.0002617373247630894	2.1707593453475998e-05	23	RMSprop
139.57438230514526	13.428631372175552	0.019959370295206707	0.0012488472340367429	<class 'torch.optim.rmsprop.RMSprop'>	32	32	16	32	10	10	0.0	0.2	4	0.0001	{'optimizer': <class 'torch.optim.rmsprop.RMSprop'>, 'module__num_filters2': 32, 'module__num_filters1': 32, 'module__kernel_size2': 16, 'module__kernel_size1': 32, 'module__fc_node_num2': 10, 'module__fc_node_num1': 10, 'module__dropout2': 0.0, 'module__dropout1': 0.2, 'module__conv_pool_size1': 4, 'lr': 0.0001}	-0.00023954414064064622	-0.0002687309170141816	-0.0003188801638316363	-0.00027571840716215473	3.276349500960223e-05	50	RMSprop
93.06400060653687	11.780830177716789	0.02244710922241211	0.0014785450987806694	<class 'torch.optim.rmsprop.RMSprop'>	32	64	8	16	50	500	0.2	0.2	2	0.01	{'optimizer': <class 'torch.optim.rmsprop.RMSprop'>, 'module__num_filters2': 32, 'module__num_filters1': 64, 'module__kernel_size2': 8, 'module__kernel_size1': 16, 'module__fc_node_num2': 50, 'module__fc_node_num1': 500, 'module__dropout2': 0.2, 'module__dropout1': 0.2, 'module__conv_pool_size1': 2, 'lr': 0.01}	-0.0002962721628136933	-0.00031051860423758626	-0.0003457566781435162	-0.00031751581506493193	2.0799038982264088e-05	69	RMSprop
59.210124492645264	8.69576406079124	0.022647937138875324	0.003489982173130515	<class 'torch.optim.adam.Adam'>	64	128	16	4	500	100	0.2	0.2	16	0.0001	{'optimizer': <class 'torch.optim.adam.Adam'>, 'module__num_filters2': 64, 'module__num_filters1': 128, 'module__kernel_size2': 16, 'module__kernel_size1': 4, 'module__fc_node_num2': 500, 'module__fc_node_num1': 100, 'module__dropout2': 0.2, 'module__dropout1': 0.2, 'module__conv_pool_size1': 16, 'lr': 0.0001}	-0.00023474529734812677	-0.000250936922384426	-0.00028728312463499606	-0.00025765511478918296	2.196825597533446e-05	3	Adam
62.51831936836243	20.519031413101658	0.017908096313476562	0.000682649502889409	<class 'torch.optim.adamw.AdamW'>	128	16	16	8	500	50	0.4	0.4	16	0.0001	{'optimizer': <class 'torch.optim.adamw.AdamW'>, 'module__num_filters2': 128, 'module__num_filters1': 16, 'module__kernel_size2': 16, 'module__kernel_size1': 8, 'module__fc_node_num2': 500, 'module__fc_node_num1': 50, 'module__dropout2': 0.4, 'module__dropout1': 0.4, 'module__conv_pool_size1': 16, 'lr': 0.0001}	-0.00023445268743671477	-0.00025089201517403126	-0.00028726767050102353	-0.00025753745770392317	2.2067729664744665e-05	1	AdamW
115.04950308799744	14.573665117558642	0.019414663314819336	0.002263412914659582	<class 'torch.optim.rmsprop.RMSprop'>	32	32	4	16	100	10	0.2	0.4	4	0.001	{'optimizer': <class 'torch.optim.rmsprop.RMSprop'>, 'module__num_filters2': 32, 'module__num_filters1': 32, 'module__kernel_size2': 4, 'module__kernel_size1': 16, 'module__fc_node_num2': 100, 'module__fc_node_num1': 10, 'module__dropout2': 0.2, 'module__dropout1': 0.4, 'module__conv_pool_size1': 4, 'lr': 0.001}	-0.00024225823290180415	-0.0002531518694013357	-0.0002889063616748899	-0.00026143882132600993	1.992514589923989e-05	22	RMSprop
174.4265014330546	7.1655030666139705	0.0189969539642334	0.0025895050286374828	<class 'torch.optim.sgd.SGD'>	64	16	8	16	500	100	0.2	0.0	2	0.001	{'optimizer': <class 'torch.optim.sgd.SGD'>, 'module__num_filters2': 64, 'module__num_filters1': 16, 'module__kernel_size2': 8, 'module__kernel_size1': 16, 'module__fc_node_num2': 500, 'module__fc_node_num1': 100, 'module__dropout2': 0.2, 'module__dropout1': 0.0, 'module__conv_pool_size1': 2, 'lr': 0.001}	-0.0003834980307146907	-0.00041444384260103106	-0.0004908147384412587	-0.0004295855372523268	4.5101161308050685e-05	80	SGD
92.08426419893901	22.458031501656095	0.019803206125895183	0.0020346501883616603	<class 'torch.optim.adam.Adam'>	64	32	8	8	10	50	0.4	0.0	4	0.0001	{'optimizer': <class 'torch.optim.adam.Adam'>, 'module__num_filters2': 64, 'module__num_filters1': 32, 'module__kernel_size2': 8, 'module__kernel_size1': 8, 'module__fc_node_num2': 10, 'module__fc_node_num1': 50, 'module__dropout2': 0.4, 'module__dropout1': 0.0, 'module__conv_pool_size1': 4, 'lr': 0.0001}	-0.00023965563741512597	-0.000255774735705927	-0.00029088775045238435	-0.0002621060411911458	2.1389193898258938e-05	24	Adam
92.572483142217	49.271220876763955	0.019390106201171875	0.002352910723983469	<class 'torch.optim.adamw.AdamW'>	128	64	8	8	10	500	0.4	0.4	16	0.001	{'optimizer': <class 'torch.optim.adamw.AdamW'>, 'module__num_filters2': 128, 'module__num_filters1': 64, 'module__kernel_size2': 8, 'module__kernel_size1': 8, 'module__fc_node_num2': 10, 'module__fc_node_num1': 500, 'module__dropout2': 0.4, 'module__dropout1': 0.4, 'module__conv_pool_size1': 16, 'lr': 0.001}	-0.00023516982037108392	-0.00025190069573000073	-0.00028796072001568973	-0.0002583437453722581	2.202807962338305e-05	6	AdamW
57.475353479385376	10.236429282508468	0.017862637837727863	0.0020651269604422466	<class 'torch.optim.adamw.AdamW'>	64	32	32	16	100	100	0.2	0.4	8	0.0001	{'optimizer': <class 'torch.optim.adamw.AdamW'>, 'module__num_filters2': 64, 'module__num_filters1': 32, 'module__kernel_size2': 32, 'module__kernel_size1': 16, 'module__fc_node_num2': 100, 'module__fc_node_num1': 100, 'module__dropout2': 0.2, 'module__dropout1': 0.4, 'module__conv_pool_size1': 8, 'lr': 0.0001}	-0.00023813199368305504	-0.00025380999431945384	-0.00029122564592398703	-0.0002610558779754986	2.227272022808707e-05	18	AdamW
228.2885363896688	1.4987283791273374	0.021880467732747395	0.0031096187807268328	<class 'torch.optim.sgd.SGD'>	64	16	16	32	10	500	0.4	0.0	2	0.0001	{'optimizer': <class 'torch.optim.sgd.SGD'>, 'module__num_filters2': 64, 'module__num_filters1': 16, 'module__kernel_size2': 16, 'module__kernel_size1': 32, 'module__fc_node_num2': 10, 'module__fc_node_num1': 500, 'module__dropout2': 0.4, 'module__dropout1': 0.0, 'module__conv_pool_size1': 2, 'lr': 0.0001}	-0.03159491717815399	-0.030933743342757225	-0.02504049427807331	-0.029189718266328175	0.0029463347273842376	94	SGD
51.77584981918335	0.30795998788848616	0.02224556605021159	0.0011882881216778156	<class 'torch.optim.rmsprop.RMSprop'>	32	64	16	4	500	10	0.2	0.4	8	0.0001	{'optimizer': <class 'torch.optim.rmsprop.RMSprop'>, 'module__num_filters2': 32, 'module__num_filters1': 64, 'module__kernel_size2': 16, 'module__kernel_size1': 4, 'module__fc_node_num2': 500, 'module__fc_node_num1': 10, 'module__dropout2': 0.2, 'module__dropout1': 0.4, 'module__conv_pool_size1': 8, 'lr': 0.0001}	-0.00024711090372875333	-0.00026858964702114463	-0.00029852151055820286	-0.0002714073537693669	2.108265048378712e-05	47	RMSprop
216.98889104525247	3.955482876014177	0.021911780039469402	0.0019867921159479845	<class 'torch.optim.sgd.SGD'>	32	16	8	4	50	10	0.4	0.4	2	0.01	{'optimizer': <class 'torch.optim.sgd.SGD'>, 'module__num_filters2': 32, 'module__num_filters1': 16, 'module__kernel_size2': 8, 'module__kernel_size1': 4, 'module__fc_node_num2': 50, 'module__fc_node_num1': 10, 'module__dropout2': 0.4, 'module__dropout1': 0.4, 'module__conv_pool_size1': 2, 'lr': 0.01}	-0.00024683255469426513	-0.00029376213205978274	-0.000321694475132972	-0.0002874297206290066	3.0888523854222275e-05	55	SGD
299.8897910118103	40.21690481633446	0.025671005249023438	0.007500413655842322	<class 'torch.optim.sgd.SGD'>	16	128	16	8	50	10	0.0	0.2	2	0.001	{'optimizer': <class 'torch.optim.sgd.SGD'>, 'module__num_filters2': 16, 'module__num_filters1': 128, 'module__kernel_size2': 16, 'module__kernel_size1': 8, 'module__fc_node_num2': 50, 'module__fc_node_num1': 10, 'module__dropout2': 0.0, 'module__dropout1': 0.2, 'module__conv_pool_size1': 2, 'lr': 0.001}	-0.0026734659913927317	-0.0029919527005404234	-0.0031862598843872547	-0.0029505595254401364	0.0002113834436622727	87	SGD
160.47005534172058	14.942923062092191	0.028619766235351562	0.003577283829263088	<class 'torch.optim.rmsprop.RMSprop'>	128	128	8	32	50	50	0.2	0.4	2	0.01	{'optimizer': <class 'torch.optim.rmsprop.RMSprop'>, 'module__num_filters2': 128, 'module__num_filters1': 128, 'module__kernel_size2': 8, 'module__kernel_size1': 32, 'module__fc_node_num2': 50, 'module__fc_node_num1': 50, 'module__dropout2': 0.2, 'module__dropout1': 0.4, 'module__conv_pool_size1': 2, 'lr': 0.01}	-0.0002959664852824062	-0.0003105203213635832	-0.00034577585756778717	-0.00031742088807125884	2.0911826917340825e-05	65	RMSprop
49.75405112902323	8.699116532230386	0.02057027816772461	0.001802361335469238	<class 'torch.optim.rmsprop.RMSprop'>	32	16	16	8	10	100	0.4	0.4	16	0.001	{'optimizer': <class 'torch.optim.rmsprop.RMSprop'>, 'module__num_filters2': 32, 'module__num_filters1': 16, 'module__kernel_size2': 16, 'module__kernel_size1': 8, 'module__fc_node_num2': 10, 'module__fc_node_num1': 100, 'module__dropout2': 0.4, 'module__dropout1': 0.4, 'module__conv_pool_size1': 16, 'lr': 0.001}	-0.0002402415411779657	-0.00025572525919415057	-0.00029399487539194524	-0.0002633205585880205	2.2592353639256455e-05	29	RMSprop
154.9667274157206	2.74348168201733	0.019578297932942707	0.0026470577785866613	<class 'torch.optim.sgd.SGD'>	128	64	16	32	100	50	0.0	0.2	8	0.01	{'optimizer': <class 'torch.optim.sgd.SGD'>, 'module__num_filters2': 128, 'module__num_filters1': 64, 'module__kernel_size2': 16, 'module__kernel_size1': 32, 'module__fc_node_num2': 100, 'module__fc_node_num1': 50, 'module__dropout2': 0.0, 'module__dropout1': 0.2, 'module__conv_pool_size1': 8, 'lr': 0.01}	-0.0002449088788125664	-0.00025978501071222126	-0.00029665231704711914	-0.0002671154021906356	2.1750813463766525e-05	37	SGD
152.09614610671997	2.5372595446579296	0.018701871236165363	0.00267232845564728	<class 'torch.optim.sgd.SGD'>	16	16	4	16	500	50	0.4	0.2	8	0.0001	{'optimizer': <class 'torch.optim.sgd.SGD'>, 'module__num_filters2': 16, 'module__num_filters1': 16, 'module__kernel_size2': 4, 'module__kernel_size1': 16, 'module__fc_node_num2': 500, 'module__fc_node_num1': 50, 'module__dropout2': 0.4, 'module__dropout1': 0.2, 'module__conv_pool_size1': 8, 'lr': 0.0001}	-0.0015606326051056385	-0.0017551695927977562	-0.0018685178365558386	-0.0017281066781530778	0.00012714199397546215	85	SGD
82.24442315101624	4.075267979928046	0.020259936650594074	0.003645513758367938	<class 'torch.optim.rmsprop.RMSprop'>	64	16	8	4	50	500	0.2	0.2	2	0.01	{'optimizer': <class 'torch.optim.rmsprop.RMSprop'>, 'module__num_filters2': 64, 'module__num_filters1': 16, 'module__kernel_size2': 8, 'module__kernel_size1': 4, 'module__fc_node_num2': 50, 'module__fc_node_num1': 500, 'module__dropout2': 0.2, 'module__dropout1': 0.2, 'module__conv_pool_size1': 2, 'lr': 0.01}	-0.00029627213370986283	-0.0003105185751337558	-0.0003457566781435162	-0.00031751579566237825	2.07990521546245e-05	68	RMSprop
109.03043977419536	11.924441109393863	0.026305516560872395	0.0018138312458478168	<class 'torch.optim.rmsprop.RMSprop'>	32	128	4	32	100	100	0.0	0.2	2	0.01	{'optimizer': <class 'torch.optim.rmsprop.RMSprop'>, 'module__num_filters2': 32, 'module__num_filters1': 128, 'module__kernel_size2': 4, 'module__kernel_size1': 32, 'module__fc_node_num2': 100, 'module__fc_node_num1': 100, 'module__dropout2': 0.0, 'module__dropout1': 0.2, 'module__conv_pool_size1': 2, 'lr': 0.01}	-0.0002962714061141014	-0.00031044785282574594	-0.000345752778230235	-0.0003174906790566941	2.0805489621945437e-05	66	RMSprop
85.97800668080647	5.626323309158832	0.03042300542195638	0.002664023685922333	<class 'torch.optim.adamw.AdamW'>	64	128	32	4	100	100	0.0	0.4	4	0.01	{'optimizer': <class 'torch.optim.adamw.AdamW'>, 'module__num_filters2': 64, 'module__num_filters1': 128, 'module__kernel_size2': 32, 'module__kernel_size1': 4, 'module__fc_node_num2': 100, 'module__fc_node_num1': 100, 'module__dropout2': 0.0, 'module__dropout1': 0.4, 'module__conv_pool_size1': 4, 'lr': 0.01}	-0.0002355438919039443	-0.00025288277538493276	-0.0002879654348362237	-0.0002587973673750336	2.1805830102019764e-05	8	AdamW
378.8647270997365	0.397087115410624	0.029079596201578777	0.001640522205696957	<class 'torch.optim.sgd.SGD'>	128	128	16	8	500	10	0.0	0.2	4	0.001	{'optimizer': <class 'torch.optim.sgd.SGD'>, 'module__num_filters2': 128, 'module__num_filters1': 128, 'module__kernel_size2': 16, 'module__kernel_size1': 8, 'module__fc_node_num2': 500, 'module__fc_node_num1': 10, 'module__dropout2': 0.0, 'module__dropout1': 0.2, 'module__conv_pool_size1': 4, 'lr': 0.001}	-0.00026795369922183454	-0.0002760312636382878	-0.00030715891625732183	-0.0002837146263724814	1.6902422072567233e-05	54	SGD
341.26794640223187	22.560304155670632	0.0264435609181722	0.0014072589438986808	<class 'torch.optim.sgd.SGD'>	128	64	4	4	500	100	0.2	0.0	2	0.01	{'optimizer': <class 'torch.optim.sgd.SGD'>, 'module__num_filters2': 128, 'module__num_filters1': 64, 'module__kernel_size2': 4, 'module__kernel_size1': 4, 'module__fc_node_num2': 500, 'module__fc_node_num1': 100, 'module__dropout2': 0.2, 'module__dropout1': 0.0, 'module__conv_pool_size1': 2, 'lr': 0.01}	-0.00024580731405876577	-0.00026361443451605737	-0.00029954631463624537	-0.0002696560210703562	2.235092275256067e-05	43	SGD
158.29005297025046	37.89773123748528	0.02911059061686198	0.0011842058633669385	<class 'torch.optim.rmsprop.RMSprop'>	128	128	16	16	500	100	0.2	0.4	16	0.001	{'optimizer': <class 'torch.optim.rmsprop.RMSprop'>, 'module__num_filters2': 128, 'module__num_filters1': 128, 'module__kernel_size2': 16, 'module__kernel_size1': 16, 'module__fc_node_num2': 500, 'module__fc_node_num1': 100, 'module__dropout2': 0.2, 'module__dropout1': 0.4, 'module__conv_pool_size1': 16, 'lr': 0.001}	-0.00023830009740777314	-0.00025539210764691234	-0.00029263406759127975	-0.0002621087575486551	2.268450452625436e-05	25	RMSprop
197.6748512585958	8.320079497782853	0.021293004353841145	0.0012267663798521968	<class 'torch.optim.sgd.SGD'>	64	128	4	32	500	10	0.4	0.2	4	0.0001	{'optimizer': <class 'torch.optim.sgd.SGD'>, 'module__num_filters2': 64, 'module__num_filters1': 128, 'module__kernel_size2': 4, 'module__kernel_size1': 32, 'module__fc_node_num2': 500, 'module__fc_node_num1': 10, 'module__dropout2': 0.4, 'module__dropout1': 0.2, 'module__conv_pool_size1': 4, 'lr': 0.0001}	-0.0029453455936163664	-0.002599312225356698	-0.0038973151240497828	-0.003147324314340949	0.0005488165655742465	88	SGD
174.19210783640543	7.199615015972434	0.020030101140340168	0.0007605271232895845	<class 'torch.optim.sgd.SGD'>	64	32	16	4	50	10	0.4	0.2	4	0.01	{'optimizer': <class 'torch.optim.sgd.SGD'>, 'module__num_filters2': 64, 'module__num_filters1': 32, 'module__kernel_size2': 16, 'module__kernel_size1': 4, 'module__fc_node_num2': 50, 'module__fc_node_num1': 10, 'module__dropout2': 0.4, 'module__dropout1': 0.2, 'module__conv_pool_size1': 4, 'lr': 0.01}	-0.0002520899288356304	-0.0002648914232850075	-0.00030896716634742916	-0.000275316172822689	2.4362013996328176e-05	49	SGD
111.56491279602051	37.73931476008401	0.02238019307454427	0.0014970209025691626	<class 'torch.optim.rmsprop.RMSprop'>	32	128	16	4	10	500	0.4	0.4	8	0.0001	{'optimizer': <class 'torch.optim.rmsprop.RMSprop'>, 'module__num_filters2': 32, 'module__num_filters1': 128, 'module__kernel_size2': 16, 'module__kernel_size1': 4, 'module__fc_node_num2': 10, 'module__fc_node_num1': 500, 'module__dropout2': 0.4, 'module__dropout1': 0.4, 'module__conv_pool_size1': 8, 'lr': 0.0001}	-0.0002354103489778936	-0.0002535321400500834	-0.002052594907581806	-0.000847179132203261	0.0008523897752697062	82	RMSprop
203.68875781695047	2.4901122443005153	0.02494327227274577	0.0010579551497745716	<class 'torch.optim.sgd.SGD'>	16	128	8	4	500	500	0.4	0.4	16	0.001	{'optimizer': <class 'torch.optim.sgd.SGD'>, 'module__num_filters2': 16, 'module__num_filters1': 128, 'module__kernel_size2': 8, 'module__kernel_size1': 4, 'module__fc_node_num2': 500, 'module__fc_node_num1': 500, 'module__dropout2': 0.4, 'module__dropout1': 0.4, 'module__conv_pool_size1': 16, 'lr': 0.001}	-0.0005577088450081646	-0.0005185271147638559	-0.0005428302101790905	-0.000539688723317037	1.614937978195623e-05	81	SGD
269.44980549812317	69.61159679449784	0.040436347325642906	0.007629839000901189	<class 'torch.optim.adam.Adam'>	128	128	16	4	500	500	0.4	0.0	2	0.01	{'optimizer': <class 'torch.optim.adam.Adam'>, 'module__num_filters2': 128, 'module__num_filters1': 128, 'module__kernel_size2': 16, 'module__kernel_size1': 4, 'module__fc_node_num2': 500, 'module__fc_node_num1': 500, 'module__dropout2': 0.4, 'module__dropout1': 0.0, 'module__conv_pool_size1': 2, 'lr': 0.01}	-0.00023479603987652808	-0.00025243591517210007	-0.0002871756732929498	-0.0002581358761138593	2.1760417662395885e-05	4	Adam
147.4872133731842	30.973073497903776	0.021383364995320637	0.0013087859045595555	<class 'torch.optim.adamw.AdamW'>	16	64	4	8	10	500	0.0	0.2	8	0.001	{'optimizer': <class 'torch.optim.adamw.AdamW'>, 'module__num_filters2': 16, 'module__num_filters1': 64, 'module__kernel_size2': 4, 'module__kernel_size1': 8, 'module__fc_node_num2': 10, 'module__fc_node_num1': 500, 'module__dropout2': 0.0, 'module__dropout1': 0.2, 'module__conv_pool_size1': 8, 'lr': 0.001}	-0.00023591218632645905	-0.0002518976980354637	-0.0002901761035900563	-0.0002593286626506597	2.276777848234727e-05	11	AdamW
178.2904518445333	6.207647245652287	0.022740761439005535	0.0014423336086295806	<class 'torch.optim.sgd.SGD'>	64	128	4	8	10	100	0.0	0.2	4	0.0001	{'optimizer': <class 'torch.optim.sgd.SGD'>, 'module__num_filters2': 64, 'module__num_filters1': 128, 'module__kernel_size2': 4, 'module__kernel_size1': 8, 'module__fc_node_num2': 10, 'module__fc_node_num1': 100, 'module__dropout2': 0.0, 'module__dropout1': 0.2, 'module__conv_pool_size1': 4, 'lr': 0.0001}	-0.03129694610834122	-0.03418368473649025	-0.037085358053445816	-0.03418866296609243	0.002363111902927279	95	SGD
46.515536308288574	2.0483442711530255	0.02124508221944173	0.0012296631132196522	<class 'torch.optim.adam.Adam'>	64	16	32	4	100	500	0.2	0.2	8	0.001	{'optimizer': <class 'torch.optim.adam.Adam'>, 'module__num_filters2': 64, 'module__num_filters1': 16, 'module__kernel_size2': 32, 'module__kernel_size1': 4, 'module__fc_node_num2': 100, 'module__fc_node_num1': 500, 'module__dropout2': 0.2, 'module__dropout1': 0.2, 'module__conv_pool_size1': 8, 'lr': 0.001}	-0.00023933620832394809	-0.00025744576123543084	-0.0002928896283265203	-0.0002632238659619664	2.2241583714086634e-05	28	Adam
76.04894010225932	5.438681306836172	0.02212373415629069	0.0030463821177828592	<class 'torch.optim.adamw.AdamW'>	128	16	32	8	50	50	0.0	0.2	2	0.001	{'optimizer': <class 'torch.optim.adamw.AdamW'>, 'module__num_filters2': 128, 'module__num_filters1': 16, 'module__kernel_size2': 32, 'module__kernel_size1': 8, 'module__fc_node_num2': 50, 'module__fc_node_num1': 50, 'module__dropout2': 0.0, 'module__dropout1': 0.2, 'module__conv_pool_size1': 2, 'lr': 0.001}	-0.0002444450801704079	-0.0002574189566075802	-0.00030010673799552023	-0.0002673235915911694	2.3778581168474255e-05	38	AdamW
42.51211094856262	1.930932186954531	0.015892744064331055	0.0003266301468173657	<class 'torch.optim.adamw.AdamW'>	32	64	4	16	100	500	0.2	0.4	8	0.001	{'optimizer': <class 'torch.optim.adamw.AdamW'>, 'module__num_filters2': 32, 'module__num_filters1': 64, 'module__kernel_size2': 4, 'module__kernel_size1': 16, 'module__fc_node_num2': 100, 'module__fc_node_num1': 500, 'module__dropout2': 0.2, 'module__dropout1': 0.4, 'module__conv_pool_size1': 8, 'lr': 0.001}	-0.00025160203222185373	-0.00026580688427202404	-0.00030200081528164446	-0.00027313657725850743	2.121795832047372e-05	48	AdamW
0.008469661076863607	0.00010129775428001168	0.0	0.0	<class 'torch.optim.adamw.AdamW'>	128	64	32	8	100	500	0.0	0.4	16	0.01	{'optimizer': <class 'torch.optim.adamw.AdamW'>, 'module__num_filters2': 128, 'module__num_filters1': 64, 'module__kernel_size2': 32, 'module__kernel_size1': 8, 'module__fc_node_num2': 100, 'module__fc_node_num1': 500, 'module__dropout2': 0.0, 'module__dropout1': 0.4, 'module__conv_pool_size1': 16, 'lr': 0.01}						98	AdamW
34.81148020426432	0.8210692467802324	0.017160574595133465	0.0006396430667242171	<class 'torch.optim.adam.Adam'>	64	16	16	4	50	100	0.0	0.2	8	0.0001	{'optimizer': <class 'torch.optim.adam.Adam'>, 'module__num_filters2': 64, 'module__num_filters1': 16, 'module__kernel_size2': 16, 'module__kernel_size1': 4, 'module__fc_node_num2': 50, 'module__fc_node_num1': 100, 'module__dropout2': 0.0, 'module__dropout1': 0.2, 'module__conv_pool_size1': 8, 'lr': 0.0001}	-0.0002653556875884533	-0.00028488310636021197	-0.00031891814433038235	-0.0002897189794263492	2.2132531777026006e-05	56	Adam
35.25491031010946	2.476368705839789	0.016542593638102215	0.00037057627784638615	<class 'torch.optim.rmsprop.RMSprop'>	32	32	8	32	500	500	0.0	0.4	8	0.01	{'optimizer': <class 'torch.optim.rmsprop.RMSprop'>, 'module__num_filters2': 32, 'module__num_filters1': 32, 'module__kernel_size2': 8, 'module__kernel_size1': 32, 'module__fc_node_num2': 500, 'module__fc_node_num1': 500, 'module__dropout2': 0.0, 'module__dropout1': 0.4, 'module__conv_pool_size1': 8, 'lr': 0.01}	-0.00029627213370986283	-0.0003119738248642534	-0.00034580350620672107	-0.0003180164882602791	2.0667600264566802e-05	73	RMSprop
51.48094701766968	8.303118110862997	0.015708128611246746	0.0002948959516145378	<class 'torch.optim.rmsprop.RMSprop'>	16	16	32	4	50	100	0.2	0.4	8	0.0001	{'optimizer': <class 'torch.optim.rmsprop.RMSprop'>, 'module__num_filters2': 16, 'module__num_filters1': 16, 'module__kernel_size2': 32, 'module__kernel_size1': 4, 'module__fc_node_num2': 50, 'module__fc_node_num1': 100, 'module__dropout2': 0.2, 'module__dropout1': 0.4, 'module__conv_pool_size1': 8, 'lr': 0.0001}	-0.00023502198746427894	-0.00025137318880297244	-0.00028803516761399806	-0.0002581434479604165	2.2165688562744286e-05	5	RMSprop
105.92871967951457	5.220531477094663	0.018640438715616863	0.0007751179373050327	<class 'torch.optim.sgd.SGD'>	64	16	8	4	500	50	0.4	0.4	16	0.0001	{'optimizer': <class 'torch.optim.sgd.SGD'>, 'module__num_filters2': 64, 'module__num_filters1': 16, 'module__kernel_size2': 8, 'module__kernel_size1': 4, 'module__fc_node_num2': 500, 'module__fc_node_num1': 50, 'module__dropout2': 0.4, 'module__dropout1': 0.4, 'module__conv_pool_size1': 16, 'lr': 0.0001}	-0.001481405459344387	-0.0018726250855252147	-0.0016420669853687286	-0.0016653658434127767	0.0001605621926583469	84	SGD
40.33133522669474	11.563732736177203	0.018862326939900715	0.004134106994452925	<class 'torch.optim.rmsprop.RMSprop'>	16	32	8	32	500	500	0.2	0.2	4	0.01	{'optimizer': <class 'torch.optim.rmsprop.RMSprop'>, 'module__num_filters2': 16, 'module__num_filters1': 32, 'module__kernel_size2': 8, 'module__kernel_size1': 32, 'module__fc_node_num2': 500, 'module__fc_node_num1': 500, 'module__dropout2': 0.2, 'module__dropout1': 0.2, 'module__conv_pool_size1': 4, 'lr': 0.01}	-0.00029627213370986283	-0.00030676755704917014	-0.0003460325242485851	-0.00031635740500253934	2.141647347982537e-05	62	RMSprop
198.85703762372336	3.0549265594013586	0.022123257319132488	0.0006008988381395349	<class 'torch.optim.sgd.SGD'>	16	128	16	32	10	500	0.4	0.4	4	0.01	{'optimizer': <class 'torch.optim.sgd.SGD'>, 'module__num_filters2': 16, 'module__num_filters1': 128, 'module__kernel_size2': 16, 'module__kernel_size1': 32, 'module__fc_node_num2': 10, 'module__fc_node_num1': 500, 'module__dropout2': 0.4, 'module__dropout1': 0.4, 'module__conv_pool_size1': 4, 'lr': 0.01}	-0.000265468202996999	-0.00028997237677685916	-0.00034945362131111324	-0.00030163140036165714	3.526412006144815e-05	59	SGD
153.4950246810913	21.908059953438368	0.0221097469329834	0.005742825748139844	<class 'torch.optim.sgd.SGD'>	16	32	16	8	100	100	0.4	0.4	8	0.0001	{'optimizer': <class 'torch.optim.sgd.SGD'>, 'module__num_filters2': 16, 'module__num_filters1': 32, 'module__kernel_size2': 16, 'module__kernel_size1': 8, 'module__fc_node_num2': 100, 'module__fc_node_num1': 100, 'module__dropout2': 0.4, 'module__dropout1': 0.4, 'module__conv_pool_size1': 8, 'lr': 0.0001}	-0.004448255989700556	-0.004288258031010628	-0.0035933286417275667	-0.00410994755414625	0.0003710985153996473	90	SGD
71.23903354008992	25.191033561132574	0.019263823827107746	0.0007827096964916977	<class 'torch.optim.adamw.AdamW'>	32	128	8	8	500	500	0.2	0.2	16	0.001	{'optimizer': <class 'torch.optim.adamw.AdamW'>, 'module__num_filters2': 32, 'module__num_filters1': 128, 'module__kernel_size2': 8, 'module__kernel_size1': 8, 'module__fc_node_num2': 500, 'module__fc_node_num1': 500, 'module__dropout2': 0.2, 'module__dropout1': 0.2, 'module__conv_pool_size1': 16, 'lr': 0.001}	-0.00023471452004741877	-0.0002508806355763227	-0.0002872819604817778	-0.00025762570536850643	2.198417496490059e-05	2	AdamW
42.26964791615804	4.101732309525071	0.018364985783894856	0.0019417211158753432	<class 'torch.optim.rmsprop.RMSprop'>	128	32	16	32	50	50	0.4	0.0	8	0.001	{'optimizer': <class 'torch.optim.rmsprop.RMSprop'>, 'module__num_filters2': 128, 'module__num_filters1': 32, 'module__kernel_size2': 16, 'module__kernel_size1': 32, 'module__fc_node_num2': 50, 'module__fc_node_num1': 50, 'module__dropout2': 0.4, 'module__dropout1': 0.0, 'module__conv_pool_size1': 8, 'lr': 0.001}	-0.0002557566331233829	-0.0002724951191339642	-0.00030353807960636914	-0.0002772632772879054	1.9795928135812275e-05	51	RMSprop
39.77116290728251	1.3203208513717017	0.019072294235229492	0.0007922735361089423	<class 'torch.optim.adam.Adam'>	128	32	8	8	50	50	0.4	0.0	4	0.01	{'optimizer': <class 'torch.optim.adam.Adam'>, 'module__num_filters2': 128, 'module__num_filters1': 32, 'module__kernel_size2': 8, 'module__kernel_size1': 8, 'module__fc_node_num2': 50, 'module__fc_node_num1': 50, 'module__dropout2': 0.4, 'module__dropout1': 0.0, 'module__conv_pool_size1': 4, 'lr': 0.01}	-0.00023622556182090193	-0.0002544376184232533	-0.0002979614946525544	-0.00026287489163223654	2.590009054103667e-05	26	Adam
179.27673888206482	6.588146559067711	0.023149649302164715	0.0008530064637751936	<class 'torch.optim.sgd.SGD'>	128	32	8	16	100	50	0.2	0.0	4	0.0001	{'optimizer': <class 'torch.optim.sgd.SGD'>, 'module__num_filters2': 128, 'module__num_filters1': 32, 'module__kernel_size2': 8, 'module__kernel_size1': 16, 'module__fc_node_num2': 100, 'module__fc_node_num1': 50, 'module__dropout2': 0.2, 'module__dropout1': 0.0, 'module__conv_pool_size1': 4, 'lr': 0.0001}	-0.0038114176131784916	-0.00446650106459856	-0.004157669376581907	-0.004145196018119653	0.00026758210027902753	91	SGD
267.8014593919118	14.8113584601736	0.028836647669474285	0.0009939101108491304	<class 'torch.optim.sgd.SGD'>	128	128	32	16	10	10	0.4	0.0	8	0.01	{'optimizer': <class 'torch.optim.sgd.SGD'>, 'module__num_filters2': 128, 'module__num_filters1': 128, 'module__kernel_size2': 32, 'module__kernel_size1': 16, 'module__fc_node_num2': 10, 'module__fc_node_num1': 10, 'module__dropout2': 0.4, 'module__dropout1': 0.0, 'module__conv_pool_size1': 8, 'lr': 0.01}	-0.00026630342472344637	-0.00026860390789806843	-0.0003133059944957495	-0.00028273777570575476	2.1635388536745676e-05	53	SGD
60.32226896286011	4.360728820804175	0.0255582332611084	0.0013299176123729385	<class 'torch.optim.rmsprop.RMSprop'>	32	16	8	16	50	500	0.2	0.0	8	0.0001	{'optimizer': <class 'torch.optim.rmsprop.RMSprop'>, 'module__num_filters2': 32, 'module__num_filters1': 16, 'module__kernel_size2': 8, 'module__kernel_size1': 16, 'module__fc_node_num2': 50, 'module__fc_node_num1': 500, 'module__dropout2': 0.2, 'module__dropout1': 0.0, 'module__conv_pool_size1': 8, 'lr': 0.0001}	-0.0002527833275962621	-0.0002718675241339952	-0.0003092263068538159	-0.00027795905286135775	2.344187874359867e-05	52	RMSprop
60.65040000279745	1.819419034927255	0.022843360900878906	0.0028435947215676954	<class 'torch.optim.rmsprop.RMSprop'>	32	32	4	8	100	50	0.4	0.2	16	0.01	{'optimizer': <class 'torch.optim.rmsprop.RMSprop'>, 'module__num_filters2': 32, 'module__num_filters1': 32, 'module__kernel_size2': 4, 'module__kernel_size1': 8, 'module__fc_node_num2': 100, 'module__fc_node_num1': 50, 'module__dropout2': 0.4, 'module__dropout1': 0.2, 'module__conv_pool_size1': 16, 'lr': 0.01}	-0.00029627192998304963	-0.0003105185751337558	-0.0003457560669630766	-0.00031751552402662736	2.0798844896157255e-05	67	RMSprop
363.4981605211894	13.649545086754394	0.02321783701578776	0.0026629686967387556	<class 'torch.optim.adamw.AdamW'>	64	16	4	16	500	500	0.2	0.4	2	0.001	{'optimizer': <class 'torch.optim.adamw.AdamW'>, 'module__num_filters2': 64, 'module__num_filters1': 16, 'module__kernel_size2': 4, 'module__kernel_size1': 16, 'module__fc_node_num2': 500, 'module__fc_node_num1': 500, 'module__dropout2': 0.2, 'module__dropout1': 0.4, 'module__conv_pool_size1': 2, 'lr': 0.001}	-0.00024282291997224092	-0.00026031461311504245	-0.0002965375897474587	-0.00026655837427824736	2.236894949645651e-05	36	AdamW
85.2265354792277	0.8669575129920306	0.024256547292073567	0.001099832965208348	<class 'torch.optim.adam.Adam'>	64	64	32	16	100	100	0.4	0.0	2	0.001	{'optimizer': <class 'torch.optim.adam.Adam'>, 'module__num_filters2': 64, 'module__num_filters1': 64, 'module__kernel_size2': 32, 'module__kernel_size1': 16, 'module__fc_node_num2': 100, 'module__fc_node_num1': 100, 'module__dropout2': 0.4, 'module__dropout1': 0.0, 'module__conv_pool_size1': 2, 'lr': 0.001}	-0.0002348372363485396	-0.0002611461968626827	-0.00028733114595524967	-0.0002611048597221573	2.1430568790379037e-05	20	Adam
62.23556558291117	6.7879363040969025	0.018778085708618164	0.0030176481797477375	<class 'torch.optim.rmsprop.RMSprop'>	16	64	4	32	100	10	0.2	0.4	2	0.01	{'optimizer': <class 'torch.optim.rmsprop.RMSprop'>, 'module__num_filters2': 16, 'module__num_filters1': 64, 'module__kernel_size2': 4, 'module__kernel_size1': 32, 'module__fc_node_num2': 100, 'module__fc_node_num1': 10, 'module__dropout2': 0.2, 'module__dropout1': 0.4, 'module__conv_pool_size1': 2, 'lr': 0.01}	-0.00029593450017273426	-0.0003072910476475954	-0.0003673078026622534	-0.0003235111168275277	3.131405499363335e-05	75	RMSprop
119.85742108027141	5.0134215276182035	0.017186403274536133	9.389455198059087e-05	<class 'torch.optim.sgd.SGD'>	16	16	32	8	50	500	0.4	0.0	8	0.001	{'optimizer': <class 'torch.optim.sgd.SGD'>, 'module__num_filters2': 16, 'module__num_filters1': 16, 'module__kernel_size2': 32, 'module__kernel_size1': 8, 'module__fc_node_num2': 50, 'module__fc_node_num1': 500, 'module__dropout2': 0.4, 'module__dropout1': 0.0, 'module__conv_pool_size1': 8, 'lr': 0.001}	-0.0033123299945145845	-0.0023452378809452057	-0.0029771490953862667	-0.002878238990282019	0.00040096067612740787	86	SGD
30.751182397206623	0.2795352760351958	0.017097075780232746	6.423049424018165e-05	<class 'torch.optim.adam.Adam'>	128	128	4	8	50	50	0.0	0.4	8	0.01	{'optimizer': <class 'torch.optim.adam.Adam'>, 'module__num_filters2': 128, 'module__num_filters1': 128, 'module__kernel_size2': 4, 'module__kernel_size1': 8, 'module__fc_node_num2': 50, 'module__fc_node_num1': 50, 'module__dropout2': 0.0, 'module__dropout1': 0.4, 'module__conv_pool_size1': 8, 'lr': 0.01}	-0.00023716290888842195	-0.0002538142434787005	-0.0002880177926272154	-0.0002596649816647793	2.1169603255817516e-05	15	Adam
60.01960206031799	4.12819504625782	0.019048134485880535	0.0013162109128157303	<class 'torch.optim.rmsprop.RMSprop'>	32	16	16	8	50	50	0.2	0.2	16	0.0001	{'optimizer': <class 'torch.optim.rmsprop.RMSprop'>, 'module__num_filters2': 32, 'module__num_filters1': 16, 'module__kernel_size2': 16, 'module__kernel_size1': 8, 'module__fc_node_num2': 50, 'module__fc_node_num1': 50, 'module__dropout2': 0.2, 'module__dropout1': 0.2, 'module__conv_pool_size1': 16, 'lr': 0.0001}	-0.00023801031056791544	-0.00025331162032671273	-0.0002902770647779107	-0.00026053299855751294	2.194029210647572e-05	17	RMSprop
59.66212058067322	5.2952354260551315	0.019100666046142578	0.0024553754956451405	<class 'torch.optim.rmsprop.RMSprop'>	32	32	16	4	50	500	0.2	0.4	2	0.01	{'optimizer': <class 'torch.optim.rmsprop.RMSprop'>, 'module__num_filters2': 32, 'module__num_filters1': 32, 'module__kernel_size2': 16, 'module__kernel_size1': 4, 'module__fc_node_num2': 50, 'module__fc_node_num1': 500, 'module__dropout2': 0.2, 'module__dropout1': 0.4, 'module__conv_pool_size1': 2, 'lr': 0.01}	-0.0002852117468137294	-0.00031051860423758626	-0.0003414879320189357	-0.00031240609435675043	2.3013390587874792e-05	61	RMSprop
140.54289682706198	4.140597820204776	0.02031819025675456	0.0010193155463523596	<class 'torch.optim.sgd.SGD'>	128	32	8	4	10	10	0.0	0.0	16	0.0001	{'optimizer': <class 'torch.optim.sgd.SGD'>, 'module__num_filters2': 128, 'module__num_filters1': 32, 'module__kernel_size2': 8, 'module__kernel_size1': 4, 'module__fc_node_num2': 10, 'module__fc_node_num1': 10, 'module__dropout2': 0.0, 'module__dropout1': 0.0, 'module__conv_pool_size1': 16, 'lr': 0.0001}	-0.04013030603528023	-0.03493915870785713	-0.042289040982723236	-0.0391195019086202	0.003084529796738604	97	SGD
147.59936396280924	58.70716818263088	0.025468111038208008	0.0027432757570364725	<class 'torch.optim.rmsprop.RMSprop'>	32	128	32	16	10	50	0.2	0.2	8	0.0001	{'optimizer': <class 'torch.optim.rmsprop.RMSprop'>, 'module__num_filters2': 32, 'module__num_filters1': 128, 'module__kernel_size2': 32, 'module__kernel_size1': 16, 'module__fc_node_num2': 10, 'module__fc_node_num1': 50, 'module__dropout2': 0.2, 'module__dropout1': 0.2, 'module__conv_pool_size1': 8, 'lr': 0.0001}	-0.00023629775387234986	-0.00026263552717864513	-0.0006957933655939996	-0.00039824221554833156	0.00021067500207002605	79	RMSprop
263.2631725470225	2.2825293044878783	0.02379465103149414	0.0003681227641747426	<class 'torch.optim.sgd.SGD'>	16	64	32	4	50	10	0.0	0.0	2	0.001	{'optimizer': <class 'torch.optim.sgd.SGD'>, 'module__num_filters2': 16, 'module__num_filters1': 64, 'module__kernel_size2': 32, 'module__kernel_size1': 4, 'module__fc_node_num2': 50, 'module__fc_node_num1': 10, 'module__dropout2': 0.0, 'module__dropout1': 0.0, 'module__conv_pool_size1': 2, 'lr': 0.001}	-0.003902813419699669	-0.00301986001431942	-0.0038127757143229246	-0.0035784830494473376	0.0003967127160629151	89	SGD
188.80659866333008	44.27330427769109	0.022871732711791992	0.0028643077100621627	<class 'torch.optim.adam.Adam'>	32	32	16	16	50	100	0.4	0.4	2	0.001	{'optimizer': <class 'torch.optim.adam.Adam'>, 'module__num_filters2': 32, 'module__num_filters1': 32, 'module__kernel_size2': 16, 'module__kernel_size1': 16, 'module__fc_node_num2': 50, 'module__fc_node_num1': 100, 'module__dropout2': 0.4, 'module__dropout1': 0.4, 'module__conv_pool_size1': 2, 'lr': 0.001}	-0.00024101744929794222	-0.00025704316794872284	-0.00029241779702715576	-0.0002634928047579403	2.1473973361554463e-05	30	Adam
226.69258181254068	8.262164161692368	0.018044551213582356	0.0006034703559501951	<class 'torch.optim.sgd.SGD'>	32	64	8	8	100	10	0.0	0.2	2	0.01	{'optimizer': <class 'torch.optim.sgd.SGD'>, 'module__num_filters2': 32, 'module__num_filters1': 64, 'module__kernel_size2': 8, 'module__kernel_size1': 8, 'module__fc_node_num2': 100, 'module__fc_node_num1': 10, 'module__dropout2': 0.0, 'module__dropout1': 0.2, 'module__conv_pool_size1': 2, 'lr': 0.01}	-0.0002399043005425483	-0.0002617437858134508	-0.00029667961644008756	-0.0002661092342653622	2.338307049920327e-05	33	SGD
52.712572971979775	6.3117680996555645	0.018903493881225586	0.0021353344017187173	<class 'torch.optim.rmsprop.RMSprop'>	16	64	16	32	10	10	0.0	0.0	8	0.001	{'optimizer': <class 'torch.optim.rmsprop.RMSprop'>, 'module__num_filters2': 16, 'module__num_filters1': 64, 'module__kernel_size2': 16, 'module__kernel_size1': 32, 'module__fc_node_num2': 10, 'module__fc_node_num1': 10, 'module__dropout2': 0.0, 'module__dropout1': 0.0, 'module__conv_pool_size1': 8, 'lr': 0.001}	-0.00024917273549363017	-0.00026596125098876655	-0.00029483562684617937	-0.0002699898711095254	1.8858194447449365e-05	44	RMSprop
82.09938899676006	0.6396977808179297	0.022887706756591797	0.003559770396391839	<class 'torch.optim.adam.Adam'>	16	64	32	8	100	50	0.2	0.2	8	0.0001	{'optimizer': <class 'torch.optim.adam.Adam'>, 'module__num_filters2': 16, 'module__num_filters1': 64, 'module__kernel_size2': 32, 'module__kernel_size1': 8, 'module__fc_node_num2': 100, 'module__fc_node_num1': 50, 'module__dropout2': 0.2, 'module__dropout1': 0.2, 'module__conv_pool_size1': 8, 'lr': 0.0001}	-0.00023742915072944015	-0.0002525066083762795	-0.0002886880829464644	-0.00025954128068406135	2.1509447441620888e-05	13	Adam
97.46635858217876	17.39184763889725	0.028498490651448567	0.0019507532502181554	<class 'torch.optim.rmsprop.RMSprop'>	64	128	8	32	500	50	0.0	0.2	2	0.001	{'optimizer': <class 'torch.optim.rmsprop.RMSprop'>, 'module__num_filters2': 64, 'module__num_filters1': 128, 'module__kernel_size2': 8, 'module__kernel_size1': 32, 'module__fc_node_num2': 500, 'module__fc_node_num1': 50, 'module__dropout2': 0.0, 'module__dropout1': 0.2, 'module__conv_pool_size1': 2, 'lr': 0.001}	-0.0002497852547094226	-0.00025896047009155154	-0.00029741800972260535	-0.00026872124484119314	2.063450799544948e-05	41	RMSprop
99.6067939599355	21.938496859014105	0.022002220153808594	0.003627653725507108	<class 'torch.optim.rmsprop.RMSprop'>	64	32	32	4	50	50	0.0	0.0	4	0.001	{'optimizer': <class 'torch.optim.rmsprop.RMSprop'>, 'module__num_filters2': 64, 'module__num_filters1': 32, 'module__kernel_size2': 32, 'module__kernel_size1': 4, 'module__fc_node_num2': 50, 'module__fc_node_num1': 50, 'module__dropout2': 0.0, 'module__dropout1': 0.0, 'module__conv_pool_size1': 4, 'lr': 0.001}	-0.0003030905791092664	-0.0003210370196029544	-0.0002889063616748899	-0.0003043446534623702	1.3147225856555127e-05	60	RMSprop
61.76168974240621	1.0304638397271861	0.01998424530029297	0.003125415437084184	<class 'torch.optim.adam.Adam'>	16	64	32	8	10	50	0.2	0.0	2	0.01	{'optimizer': <class 'torch.optim.adam.Adam'>, 'module__num_filters2': 16, 'module__num_filters1': 64, 'module__kernel_size2': 32, 'module__kernel_size1': 8, 'module__fc_node_num2': 10, 'module__fc_node_num1': 50, 'module__dropout2': 0.2, 'module__dropout1': 0.0, 'module__conv_pool_size1': 2, 'lr': 0.01}	-0.0002369793801335618	-0.0002534211380407214	-0.00028798001585528255	-0.00025946017800985527	2.1254312720269453e-05	12	Adam
61.60270937283834	28.163630254159717	0.016837120056152344	0.0010521546870885152	<class 'torch.optim.rmsprop.RMSprop'>	16	32	4	4	50	50	0.2	0.4	8	0.001	{'optimizer': <class 'torch.optim.rmsprop.RMSprop'>, 'module__num_filters2': 16, 'module__num_filters1': 32, 'module__kernel_size2': 4, 'module__kernel_size1': 4, 'module__fc_node_num2': 50, 'module__fc_node_num1': 50, 'module__dropout2': 0.2, 'module__dropout1': 0.4, 'module__conv_pool_size1': 8, 'lr': 0.001}	-0.00024609293905086815	-0.000258823944022879	-0.0002914385695476085	-0.0002654518175404519	1.909630124414036e-05	32	RMSprop
40.210486809412636	6.692467045055668	0.01685357093811035	0.001193852667504055	<class 'torch.optim.rmsprop.RMSprop'>	64	32	16	32	100	500	0.0	0.4	8	0.01	{'optimizer': <class 'torch.optim.rmsprop.RMSprop'>, 'module__num_filters2': 64, 'module__num_filters1': 32, 'module__kernel_size2': 16, 'module__kernel_size1': 32, 'module__fc_node_num2': 100, 'module__fc_node_num1': 500, 'module__dropout2': 0.0, 'module__dropout1': 0.4, 'module__conv_pool_size1': 8, 'lr': 0.01}	-0.00029627213370986283	-0.00031051860423758626	-0.00034411047818139195	-0.000316967072042947	2.005515483563184e-05	64	RMSprop
96.96837576230367	0.36633024422700516	0.01578060785929362	0.00042388706121027265	<class 'torch.optim.sgd.SGD'>	32	16	4	16	500	50	0.2	0.0	16	0.01	{'optimizer': <class 'torch.optim.sgd.SGD'>, 'module__num_filters2': 32, 'module__num_filters1': 16, 'module__kernel_size2': 4, 'module__kernel_size1': 16, 'module__fc_node_num2': 500, 'module__fc_node_num1': 50, 'module__dropout2': 0.2, 'module__dropout1': 0.0, 'module__conv_pool_size1': 16, 'lr': 0.01}	-0.000250088341999799	-0.0002633859112393111	-0.00029747397638857365	-0.00027031607654256123	1.995611819224762e-05	45	SGD
49.182875076929726	22.191756108815827	0.016956806182861328	0.0002103293337222281	<class 'torch.optim.rmsprop.RMSprop'>	16	32	4	32	10	10	0.4	0.4	8	0.001	{'optimizer': <class 'torch.optim.rmsprop.RMSprop'>, 'module__num_filters2': 16, 'module__num_filters1': 32, 'module__kernel_size2': 4, 'module__kernel_size1': 32, 'module__fc_node_num2': 10, 'module__fc_node_num1': 10, 'module__dropout2': 0.4, 'module__dropout1': 0.4, 'module__conv_pool_size1': 8, 'lr': 0.001}	-0.00024046970065683126	-0.0002559359127189964	-0.00029272728716023266	-0.0002630443001786868	2.191819207869622e-05	27	RMSprop
42.657648960749306	10.435396676125904	0.022438923517862957	0.003745799460066339	<class 'torch.optim.adam.Adam'>	16	64	4	4	10	100	0.2	0.2	8	0.01	{'optimizer': <class 'torch.optim.adam.Adam'>, 'module__num_filters2': 16, 'module__num_filters1': 64, 'module__kernel_size2': 4, 'module__kernel_size1': 4, 'module__fc_node_num2': 10, 'module__fc_node_num1': 100, 'module__dropout2': 0.2, 'module__dropout1': 0.2, 'module__conv_pool_size1': 8, 'lr': 0.01}	-0.000236517284065485	-0.0002528916229493916	-0.0002880652900785208	-0.00025915806569779914	2.1505820290009785e-05	10	Adam
96.00163110097249	2.8394095580582004	0.022870699564615887	0.0016274633640055787	<class 'torch.optim.rmsprop.RMSprop'>	64	128	8	4	500	100	0.0	0.4	2	0.0001	{'optimizer': <class 'torch.optim.rmsprop.RMSprop'>, 'module__num_filters2': 64, 'module__num_filters1': 128, 'module__kernel_size2': 8, 'module__kernel_size1': 4, 'module__fc_node_num2': 500, 'module__fc_node_num1': 100, 'module__dropout2': 0.0, 'module__dropout1': 0.4, 'module__conv_pool_size1': 2, 'lr': 0.0001}	-0.0002700346813071519	-0.0002907790767494589	-0.0003233181778341532	-0.0002947106452969213	2.1929822525019605e-05	57	RMSprop
52.12254858016968	4.229313426444608	0.021047433217366535	0.0022410992045790736	<class 'torch.optim.adamw.AdamW'>	128	32	4	8	50	50	0.2	0.2	16	0.0001	{'optimizer': <class 'torch.optim.adamw.AdamW'>, 'module__num_filters2': 128, 'module__num_filters1': 32, 'module__kernel_size2': 4, 'module__kernel_size1': 8, 'module__fc_node_num2': 50, 'module__fc_node_num1': 50, 'module__dropout2': 0.2, 'module__dropout1': 0.2, 'module__conv_pool_size1': 16, 'lr': 0.0001}	-0.000276484846835956	-0.00029649079078808427	-0.0003168615803588182	-0.0002966124059942861	1.6483956749677155e-05	58	AdamW
54.351179679234825	3.1508761071533304	0.02383597691853841	0.0026993830586822106	<class 'torch.optim.adam.Adam'>	64	128	16	16	500	50	0.2	0.0	16	0.0001	{'optimizer': <class 'torch.optim.adam.Adam'>, 'module__num_filters2': 64, 'module__num_filters1': 128, 'module__kernel_size2': 16, 'module__kernel_size1': 16, 'module__fc_node_num2': 500, 'module__fc_node_num1': 50, 'module__dropout2': 0.2, 'module__dropout1': 0.0, 'module__conv_pool_size1': 16, 'lr': 0.0001}	-0.00024428064352832735	-0.00025771933724172413	-0.00029730991809628904	-0.00026643663295544684	2.2509544993497513e-05	35	Adam
46.31367111206055	2.3353832607768674	0.0179596741994222	0.0018979430386314587	<class 'torch.optim.adam.Adam'>	32	64	32	16	100	50	0.0	0.0	4	0.001	{'optimizer': <class 'torch.optim.adam.Adam'>, 'module__num_filters2': 32, 'module__num_filters1': 64, 'module__kernel_size2': 32, 'module__kernel_size1': 16, 'module__fc_node_num2': 100, 'module__fc_node_num1': 50, 'module__dropout2': 0.0, 'module__dropout1': 0.0, 'module__conv_pool_size1': 4, 'lr': 0.001}	-0.00032442601514048874	-0.00035246327752247453	-0.00038603495340794325	-0.0003543080820236355	2.5185548718082795e-05	77	Adam
37.27800861994425	0.9989143620634666	0.019730250040690105	0.0006832038296662581	<class 'torch.optim.adam.Adam'>	64	16	8	32	50	100	0.4	0.0	16	0.01	{'optimizer': <class 'torch.optim.adam.Adam'>, 'module__num_filters2': 64, 'module__num_filters1': 16, 'module__kernel_size2': 8, 'module__kernel_size1': 32, 'module__fc_node_num2': 50, 'module__fc_node_num1': 100, 'module__dropout2': 0.4, 'module__dropout1': 0.0, 'module__conv_pool_size1': 16, 'lr': 0.01}	-0.00023679730657022446	-0.0002535854000598192	-0.00028847879730165005	-0.0002596205013105646	2.1526122988680028e-05	14	Adam
142.55941184361777	48.881371727311056	0.020505746205647785	0.0019582991553218822	<class 'torch.optim.adam.Adam'>	128	32	32	32	10	50	0.0	0.0	2	0.0001	{'optimizer': <class 'torch.optim.adam.Adam'>, 'module__num_filters2': 128, 'module__num_filters1': 32, 'module__kernel_size2': 32, 'module__kernel_size1': 32, 'module__fc_node_num2': 10, 'module__fc_node_num1': 50, 'module__dropout2': 0.0, 'module__dropout1': 0.0, 'module__conv_pool_size1': 2, 'lr': 0.0001}	-0.0002462968113832176	-0.0002607267815619707	-0.0002919868566095829	-0.0002663368165182571	1.9070036311010583e-05	34	Adam
52.41211819648743	3.318261394780044	0.023750146230061848	0.001577019714996554	<class 'torch.optim.adam.Adam'>	16	32	32	32	50	50	0.4	0.0	4	0.01	{'optimizer': <class 'torch.optim.adam.Adam'>, 'module__num_filters2': 16, 'module__num_filters1': 32, 'module__kernel_size2': 32, 'module__kernel_size1': 32, 'module__fc_node_num2': 50, 'module__fc_node_num1': 50, 'module__dropout2': 0.4, 'module__dropout1': 0.0, 'module__conv_pool_size1': 4, 'lr': 0.01}	-0.00023685151245445013	-0.0002561283763498068	-0.0002902027918025851	-0.000261060893535614	2.2058060452087148e-05	19	Adam
79.16966803868611	5.555858834698704	0.022786537806193035	0.002401792889477018	<class 'torch.optim.rmsprop.RMSprop'>	128	128	8	32	50	500	0.2	0.2	16	0.0001	{'optimizer': <class 'torch.optim.rmsprop.RMSprop'>, 'module__num_filters2': 128, 'module__num_filters1': 128, 'module__kernel_size2': 8, 'module__kernel_size1': 32, 'module__fc_node_num2': 50, 'module__fc_node_num1': 500, 'module__dropout2': 0.2, 'module__dropout1': 0.2, 'module__conv_pool_size1': 16, 'lr': 0.0001}	-0.00024547448265366256	-0.00025968445697799325	-0.0002971329085994512	-0.00026743061607703567	2.1789148344835782e-05	39	RMSprop
57.288914839426674	18.862206035847414	0.020696004231770832	0.0007992198636403666	<class 'torch.optim.rmsprop.RMSprop'>	128	32	16	8	50	10	0.0	0.2	4	0.01	{'optimizer': <class 'torch.optim.rmsprop.RMSprop'>, 'module__num_filters2': 128, 'module__num_filters1': 32, 'module__kernel_size2': 16, 'module__kernel_size1': 8, 'module__fc_node_num2': 50, 'module__fc_node_num1': 10, 'module__dropout2': 0.0, 'module__dropout1': 0.2, 'module__conv_pool_size1': 4, 'lr': 0.01}	-0.00029627516050823033	-0.0003105185751337558	-0.0003458429127931595	-0.00031754554947838187	2.0837055021844293e-05	71	RMSprop
49.45141347249349	2.059767844340032	0.02018586794535319	0.0026115444825611277	<class 'torch.optim.adamw.AdamW'>	16	16	16	4	50	500	0.4	0.0	2	0.01	{'optimizer': <class 'torch.optim.adamw.AdamW'>, 'module__num_filters2': 16, 'module__num_filters1': 16, 'module__kernel_size2': 16, 'module__kernel_size1': 4, 'module__fc_node_num2': 50, 'module__fc_node_num1': 500, 'module__dropout2': 0.4, 'module__dropout1': 0.0, 'module__conv_pool_size1': 2, 'lr': 0.01}	-0.00023556525411549956	-0.0002524849842302501	-0.0002879820531234145	-0.0002586774304897214	2.1842466246074696e-05	7	AdamW
54.66821837425232	4.307269214581195	0.019638935724894207	0.0015045438306106216	<class 'torch.optim.rmsprop.RMSprop'>	16	32	8	4	50	500	0.0	0.2	4	0.01	{'optimizer': <class 'torch.optim.rmsprop.RMSprop'>, 'module__num_filters2': 16, 'module__num_filters1': 32, 'module__kernel_size2': 8, 'module__kernel_size1': 4, 'module__fc_node_num2': 50, 'module__fc_node_num1': 500, 'module__dropout2': 0.0, 'module__dropout1': 0.2, 'module__conv_pool_size1': 4, 'lr': 0.01}	-0.00029627213370986283	-0.0003105185751337558	-0.0003457567363511771	-0.00031751581506493193	2.0799078499347446e-05	69	RMSprop
158.7092328866323	42.00740640362115	0.021977663040161133	0.0019407893662188112	<class 'torch.optim.adamw.AdamW'>	16	128	16	32	500	10	0.0	0.2	4	0.001	{'optimizer': <class 'torch.optim.adamw.AdamW'>, 'module__num_filters2': 16, 'module__num_filters1': 128, 'module__kernel_size2': 16, 'module__kernel_size1': 32, 'module__fc_node_num2': 500, 'module__fc_node_num1': 10, 'module__dropout2': 0.0, 'module__dropout1': 0.2, 'module__conv_pool_size1': 4, 'lr': 0.001}	-0.00024521141313016415	-0.0002508862817194313	-0.00028728117467835546	-0.0002611262898426503	1.863883998452537e-05	21	AdamW
83.4253396987915	15.172593972536221	0.020653247833251953	0.0030731923701993206	<class 'torch.optim.adamw.AdamW'>	16	32	16	8	10	500	0.0	0.0	8	0.001	{'optimizer': <class 'torch.optim.adamw.AdamW'>, 'module__num_filters2': 16, 'module__num_filters1': 32, 'module__kernel_size2': 16, 'module__kernel_size1': 8, 'module__fc_node_num2': 10, 'module__fc_node_num1': 500, 'module__dropout2': 0.0, 'module__dropout1': 0.0, 'module__conv_pool_size1': 8, 'lr': 0.001}	-0.00024558461154811084	-0.00026858688215725124	-0.00029033582541160285	-0.00026816910637232166	1.8271994746402757e-05	40	AdamW
42.21997992197672	2.0081969344071027	0.02192099889119466	0.003237374618388008	<class 'torch.optim.adam.Adam'>	32	32	4	4	100	500	0.4	0.4	8	0.01	{'optimizer': <class 'torch.optim.adam.Adam'>, 'module__num_filters2': 32, 'module__num_filters1': 32, 'module__kernel_size2': 4, 'module__kernel_size1': 4, 'module__fc_node_num2': 100, 'module__fc_node_num1': 500, 'module__dropout2': 0.4, 'module__dropout1': 0.4, 'module__conv_pool_size1': 8, 'lr': 0.01}	-0.00023606476315762848	-0.0002530185447540134	-0.00028818316059187055	-0.00025908882283450413	2.1705883146576753e-05	9	Adam
73.80719669659932	17.008657612663217	0.018036286036173504	0.0007287348623029227	<class 'torch.optim.rmsprop.RMSprop'>	32	128	8	16	50	50	0.2	0.4	8	0.001	{'optimizer': <class 'torch.optim.rmsprop.RMSprop'>, 'module__num_filters2': 32, 'module__num_filters1': 128, 'module__kernel_size2': 8, 'module__kernel_size1': 16, 'module__fc_node_num2': 50, 'module__fc_node_num1': 50, 'module__dropout2': 0.2, 'module__dropout1': 0.4, 'module__conv_pool_size1': 8, 'lr': 0.001}	-0.00024305458646267653	-0.0002571157237980515	-0.0002948954643215984	-0.00026502192486077547	2.188987841795195e-05	31	RMSprop
49.25848619143168	6.3479823786417215	0.022704680760701496	0.004674308200510311	<class 'torch.optim.rmsprop.RMSprop'>	64	16	32	4	100	500	0.0	0.0	8	0.0001	{'optimizer': <class 'torch.optim.rmsprop.RMSprop'>, 'module__num_filters2': 64, 'module__num_filters1': 16, 'module__kernel_size2': 32, 'module__kernel_size1': 4, 'module__fc_node_num2': 100, 'module__fc_node_num1': 500, 'module__dropout2': 0.0, 'module__dropout1': 0.0, 'module__conv_pool_size1': 8, 'lr': 0.0001}	-0.00031827614293433726	-0.0003219930222257972	-0.00035575241781771183	-0.0003320071943259488	1.6858836000193957e-05	76	RMSprop
88.22547562917073	6.734480092974391	0.023879130681355793	0.0035642262625564317	<class 'torch.optim.adamw.AdamW'>	64	128	16	32	50	500	0.0	0.4	4	0.0001	{'optimizer': <class 'torch.optim.adamw.AdamW'>, 'module__num_filters2': 64, 'module__num_filters1': 128, 'module__kernel_size2': 16, 'module__kernel_size1': 32, 'module__fc_node_num2': 50, 'module__fc_node_num1': 500, 'module__dropout2': 0.0, 'module__dropout1': 0.4, 'module__conv_pool_size1': 4, 'lr': 0.0001}	-0.00025110814021900296	-0.0002646658685989678	-0.0002960897400043905	-0.00027062124960745376	1.884031142754581e-05	46	AdamW
122.38728356361389	11.073792916513904	0.01704255739847819	0.0006123263830089466	<class 'torch.optim.sgd.SGD'>	128	16	4	16	100	50	0.2	0.4	16	0.001	{'optimizer': <class 'torch.optim.sgd.SGD'>, 'module__num_filters2': 128, 'module__num_filters1': 16, 'module__kernel_size2': 4, 'module__kernel_size1': 16, 'module__fc_node_num2': 100, 'module__fc_node_num1': 50, 'module__dropout2': 0.2, 'module__dropout1': 0.4, 'module__conv_pool_size1': 16, 'lr': 0.001}	-0.0013290614588186145	-0.001307616475969553	-0.0012563748750835657	-0.0012976842699572444	3.0493949137178765e-05	83	SGD
34.630487044652305	4.831859584016927	0.01622287432352702	0.00020978137526844704	<class 'torch.optim.rmsprop.RMSprop'>	64	64	8	4	100	100	0.0	0.2	4	0.01	{'optimizer': <class 'torch.optim.rmsprop.RMSprop'>, 'module__num_filters2': 64, 'module__num_filters1': 64, 'module__kernel_size2': 8, 'module__kernel_size1': 4, 'module__fc_node_num2': 100, 'module__fc_node_num1': 100, 'module__dropout2': 0.0, 'module__dropout1': 0.2, 'module__conv_pool_size1': 4, 'lr': 0.01}	-0.0002962721628136933	-0.00031051860423758626	-0.0003594621375668794	-0.00032208430153938633	2.7062486247999252e-05	74	RMSprop
0.007614453633626302	7.828371168300046e-05	0.0	0.0	<class 'torch.optim.adam.Adam'>	64	64	32	16	500	50	0.4	0.4	16	0.0001	{'optimizer': <class 'torch.optim.adam.Adam'>, 'module__num_filters2': 64, 'module__num_filters1': 64, 'module__kernel_size2': 32, 'module__kernel_size1': 16, 'module__fc_node_num2': 500, 'module__fc_node_num1': 50, 'module__dropout2': 0.4, 'module__dropout1': 0.4, 'module__conv_pool_size1': 16, 'lr': 0.0001}						99	Adam
46.6006375948588	20.22099391916678	0.01737801233927409	0.0007833896448737698	<class 'torch.optim.rmsprop.RMSprop'>	16	16	8	32	50	50	0.0	0.4	4	0.01	{'optimizer': <class 'torch.optim.rmsprop.RMSprop'>, 'module__num_filters2': 16, 'module__num_filters1': 16, 'module__kernel_size2': 8, 'module__kernel_size1': 32, 'module__fc_node_num2': 50, 'module__fc_node_num1': 50, 'module__dropout2': 0.0, 'module__dropout1': 0.4, 'module__conv_pool_size1': 4, 'lr': 0.01}	-0.00029594110674224794	-0.00030840543331578374	-0.00034575661993585527	-0.00031670105333129567	2.116615729991217e-05	63	RMSprop
74.88398432731628	12.679928588024886	0.018745899200439453	0.001700894931228758	<class 'torch.optim.adamw.AdamW'>	128	64	8	16	10	50	0.2	0.2	8	0.0001	{'optimizer': <class 'torch.optim.adamw.AdamW'>, 'module__num_filters2': 128, 'module__num_filters1': 64, 'module__kernel_size2': 8, 'module__kernel_size1': 16, 'module__fc_node_num2': 10, 'module__fc_node_num1': 50, 'module__dropout2': 0.2, 'module__dropout1': 0.2, 'module__conv_pool_size1': 8, 'lr': 0.0001}	-0.00042878795647993684	-0.00029198857373557985	-0.00036174533306621015	-0.00036084062109390896	5.5851777993924164e-05	78	AdamW
123.84560712178548	46.76040141688775	0.020805199940999348	0.0003152621131240125	<class 'torch.optim.adamw.AdamW'>	128	16	16	16	10	500	0.0	0.0	8	0.0001	{'optimizer': <class 'torch.optim.adamw.AdamW'>, 'module__num_filters2': 128, 'module__num_filters1': 16, 'module__kernel_size2': 16, 'module__kernel_size1': 16, 'module__fc_node_num2': 10, 'module__fc_node_num1': 500, 'module__dropout2': 0.0, 'module__dropout1': 0.0, 'module__conv_pool_size1': 8, 'lr': 0.0001}	-0.0002422044490231201	-0.00026941258693113923	-0.0002971366047859192	-0.00026958454691339284	2.2426288322171187e-05	42	AdamW
178.35913475354513	2.8377352867804526	0.022017876307169598	0.0030539524942066205	<class 'torch.optim.sgd.SGD'>	128	128	8	16	10	50	0.0	0.2	16	0.0001	{'optimizer': <class 'torch.optim.sgd.SGD'>, 'module__num_filters2': 128, 'module__num_filters1': 128, 'module__kernel_size2': 8, 'module__kernel_size1': 16, 'module__fc_node_num2': 10, 'module__fc_node_num1': 50, 'module__dropout2': 0.0, 'module__dropout1': 0.2, 'module__conv_pool_size1': 16, 'lr': 0.0001}	-0.0300896093249321	-0.036958206444978714	-0.03638515621423721	-0.03447765732804934	0.003111625577302443	96	SGD
171.33742157618204	11.850608198546464	0.015194177627563477	0.0033466092011240887	<class 'torch.optim.sgd.SGD'>	32	32	4	8	10	50	0.2	0.4	2	0.001	{'optimizer': <class 'torch.optim.sgd.SGD'>, 'module__num_filters2': 32, 'module__num_filters1': 32, 'module__kernel_size2': 4, 'module__kernel_size1': 8, 'module__fc_node_num2': 10, 'module__fc_node_num1': 50, 'module__dropout2': 0.2, 'module__dropout1': 0.4, 'module__conv_pool_size1': 2, 'lr': 0.001}	-0.018666034564375877	-0.015582324005663395	-0.017682503908872604	-0.017310287492970627	0.0012861380168755604	93	SGD
